{
  "applications": [
    {
      "applicationId": "ml9jv8ksb36lo",
      "discordId": "1245371933596586047",
      "username": "articd3v",
      "answers": {
        "age": "25",
        "experience": "25",
        "whyStaff": "want to be part of Elite India Rwant to be part of Elite India Rwant to be part of Elite India Rwant to be part of Elite India Rwant to be part of Elite India Rwant to be part of Elite India Rwant to be part of Elite India Rwant to be part of Elite India Rwant to be part of Elite India R",
        "availability": "21",
        "scenario": "want to be part of Elite India Rwant to be part of Elite India Rwant to be part of Elite India Rwant to be part of Elite India Rwant to be part of Elite India Rwant to be part of Elite India Rwant to be part of Elite India Rwant to be part of Elite India Rwant to be part of Elite India Rwant to be part of Elite India Rwant to be part of Elite India Rwant to be part of Elite India Rwant to be part of Elite India Rwant to be part of Elite India Rwant to be part of Elite India Rwant to be part of Elite India Rwant to be part of Elite India R"
      },
      "status": "accepted",
      "submittedAt": "2026-02-05T14:26:44.910Z",
      "reviewedAt": "2026-02-05T14:37:06.554Z"
    },
    {
      "applicationId": "mlcej45t12961",
      "discordId": "1467209421225721967",
      "username": "superman6969.exe",
      "answers": {
        "age": "14",
        "experience": "445CVXCVXCV",
        "whyStaff": "\n445CVXCVXCV\nMotivation\n445CVXCVXCV\nMotivation\n445CVXCVXCV\nMotivation",
        "availability": "324234",
        "scenario": "\n445CVXCVXCV\nMotivation\n445CVXCVXCV\nMotivation\n445CVXCVXCV\nMotivation\n445CVXCVXCV\nMotivation\n445CVXCVXCV\nMotivation"
      },
      "status": "rejected",
      "submittedAt": "2026-02-07T14:20:39.761Z",
      "reviewedAt": "2026-02-07T14:29:18.344Z"
    }
  ]
}